{
    "val": [
        {
            "val_avg_loss": 5.667207717895508,
            "val_avg_rouge1": 19.6774,
            "val_avg_rouge2": 0.0,
            "val_avg_rougeL": 13.2258,
            "val_avg_gen_time": 2.0949214696884155,
            "val_avg_gen_len": 19.5,
            "step_count": 1
        }
    ]
}